{"IcoMoonType":"selection","icons":[{"icon":{"paths":["M512 128v608","M224 448l288 288 288-288","M160 864h704"],"attrs":[{"fill":"none","strokeLinejoin":"round","strokeLinecap":"round","strokeMiterlimit":"4","strokeWidth":64},{"fill":"none","strokeLinejoin":"round","strokeLinecap":"round","strokeMiterlimit":"4","strokeWidth":64},{"fill":"none","strokeLinejoin":"round","strokeLinecap":"round","strokeMiterlimit":"4","strokeWidth":64}],"isMulticolor":false,"isMulticolor2":false,"grid":0,"tags":["ArrowLineDown"],"colorPermutations":{}},"attrs":[{"fill":"none","strokeLinejoin":"round","strokeLinecap":"round","strokeMiterlimit":"4","strokeWidth":64},{"fill":"none","strokeLinejoin":"round","strokeLinecap":"round","strokeMiterlimit":"4","strokeWidth":64},{"fill":"none","strokeLinejoin":"round","strokeLinecap":"round","strokeMiterlimit":"4","strokeWidth":64}],"properties":{"order":242,"id":18,"name":"ArrowLineDown","prevSize":32,"code":59648},"setIdx":0,"setId":2,"iconIdx":0},{"icon":{"paths":["M160 512h704","M576 224l288 288-288 288"],"attrs":[{"fill":"none","strokeLinejoin":"round","strokeLinecap":"round","strokeMiterlimit":"4","strokeWidth":42.666666666666664},{"fill":"none","strokeLinejoin":"round","strokeLinecap":"round","strokeMiterlimit":"4","strokeWidth":42.666666666666664}],"isMulticolor":false,"isMulticolor2":false,"grid":0,"tags":["ArrowRight"],"colorPermutations":{}},"attrs":[{"fill":"none","strokeLinejoin":"round","strokeLinecap":"round","strokeMiterlimit":"4","strokeWidth":42.666666666666664},{"fill":"none","strokeLinejoin":"round","strokeLinecap":"round","strokeMiterlimit":"4","strokeWidth":42.666666666666664}],"properties":{"order":243,"id":17,"name":"ArrowRight","prevSize":32,"code":59649},"setIdx":0,"setId":2,"iconIdx":1},{"icon":{"paths":["M512 863.968v-703.999","M224 447.968l288-287.999 288 287.999"],"attrs":[{"fill":"none","strokeLinejoin":"round","strokeLinecap":"round","strokeMiterlimit":"4","strokeWidth":32},{"fill":"none","strokeLinejoin":"round","strokeLinecap":"round","strokeMiterlimit":"4","strokeWidth":32}],"isMulticolor":false,"isMulticolor2":false,"grid":0,"tags":["ArrowUp"],"colorPermutations":{}},"attrs":[{"fill":"none","strokeLinejoin":"round","strokeLinecap":"round","strokeMiterlimit":"4","strokeWidth":32},{"fill":"none","strokeLinejoin":"round","strokeLinecap":"round","strokeMiterlimit":"4","strokeWidth":32}],"properties":{"order":244,"id":16,"name":"ArrowUp","prevSize":32,"code":59650},"setIdx":0,"setId":2,"iconIdx":2},{"icon":{"paths":["M864 735.968v-575.999h-576","M736 287.969h-576v575.999h576v-575.999z"],"attrs":[{"fill":"none","strokeLinejoin":"round","strokeLinecap":"round","strokeMiterlimit":"4","strokeWidth":32},{"fill":"none","strokeLinejoin":"round","strokeLinecap":"round","strokeMiterlimit":"4","strokeWidth":32}],"isMulticolor":false,"isMulticolor2":false,"grid":0,"tags":["CopySimple"],"colorPermutations":{}},"attrs":[{"fill":"none","strokeLinejoin":"round","strokeLinecap":"round","strokeMiterlimit":"4","strokeWidth":32},{"fill":"none","strokeLinejoin":"round","strokeLinecap":"round","strokeMiterlimit":"4","strokeWidth":32}],"properties":{"order":245,"id":15,"name":"CopySimple","prevSize":32,"code":59651},"setIdx":0,"setId":2,"iconIdx":3},{"icon":{"paths":["M192 320h352","M736 320h352","M640 416c53.020 0 96-42.98 96-96s-42.98-96-96-96c-53.020 0-96 42.98-96 96s42.98 96 96 96z","M288 800c53.020 0 96-42.98 96-96s-42.98-96-96-96c-53.019 0-96 42.98-96 96s42.981 96 96 96z","M992 800c53.020 0 96-42.98 96-96s-42.98-96-96-96c-53.020 0-96 42.98-96 96s42.98 96 96 96z","M735.199 333.199c63.352 17.787 120.458 52.954 164.854 101.519s74.307 108.593 86.346 173.281","M293.601 608c12.040-64.689 41.951-124.716 86.346-173.281s101.501-83.732 164.854-101.519","M640 544c0 176.731-143.269 320-320 320s-320-143.269-320-320c0-176.731 143.269-320 320-320s320 143.269 320 320z"],"attrs":[{"fill":"none","strokeLinejoin":"round","strokeLinecap":"round","strokeMiterlimit":"4","strokeWidth":25.6},{"fill":"none","strokeLinejoin":"round","strokeLinecap":"round","strokeMiterlimit":"4","strokeWidth":25.6},{"fill":"none","strokeLinejoin":"round","strokeLinecap":"round","strokeMiterlimit":"4","strokeWidth":25.6},{"fill":"none","strokeLinejoin":"round","strokeLinecap":"round","strokeMiterlimit":"4","strokeWidth":25.6},{"fill":"none","strokeLinejoin":"round","strokeLinecap":"round","strokeMiterlimit":"4","strokeWidth":25.6},{"fill":"none","strokeLinejoin":"round","strokeLinecap":"round","strokeMiterlimit":"4","strokeWidth":25.6},{"fill":"none","strokeLinejoin":"round","strokeLinecap":"round","strokeMiterlimit":"4","strokeWidth":25.6},{"opacity":0.2}],"width":1152,"isMulticolor":false,"isMulticolor2":true,"grid":0,"tags":["DesignIcon"],"colorPermutations":{}},"attrs":[{"fill":"none","strokeLinejoin":"round","strokeLinecap":"round","strokeMiterlimit":"4","strokeWidth":25.6},{"fill":"none","strokeLinejoin":"round","strokeLinecap":"round","strokeMiterlimit":"4","strokeWidth":25.6},{"fill":"none","strokeLinejoin":"round","strokeLinecap":"round","strokeMiterlimit":"4","strokeWidth":25.6},{"fill":"none","strokeLinejoin":"round","strokeLinecap":"round","strokeMiterlimit":"4","strokeWidth":25.6},{"fill":"none","strokeLinejoin":"round","strokeLinecap":"round","strokeMiterlimit":"4","strokeWidth":25.6},{"fill":"none","strokeLinejoin":"round","strokeLinecap":"round","strokeMiterlimit":"4","strokeWidth":25.6},{"fill":"none","strokeLinejoin":"round","strokeLinecap":"round","strokeMiterlimit":"4","strokeWidth":25.6},{"opacity":0.2}],"properties":{"order":246,"id":14,"name":"DesignIcon","prevSize":32,"code":59652},"setIdx":0,"setId":2,"iconIdx":4},{"icon":{"paths":["M342.667 0.001h341.333c94.208 0 170.667 76.459 170.667 170.666s-76.459 170.667-170.667 170.667c94.208 0 170.667 76.459 170.667 170.667s-76.459 170.666-170.667 170.666c-94.208 0-170.667-76.458-170.667-170.666v341.333c0 94.208-76.458 170.667-170.666 170.667s-170.667-76.459-170.667-170.667c0-94.208 76.459-170.667 170.667-170.667-94.208 0-170.667-76.458-170.667-170.666s76.459-170.667 170.667-170.667c-94.208 0-170.667-76.459-170.667-170.667s76.459-170.666 170.667-170.666zM684 341.334h-170.667v170.667c0-94.208 76.459-170.667 170.667-170.667z"],"attrs":[],"isMulticolor":false,"isMulticolor2":false,"grid":0,"tags":["Figma"],"colorPermutations":{}},"attrs":[],"properties":{"order":247,"id":13,"name":"Figma","prevSize":32,"code":59653},"setIdx":0,"setId":2,"iconIdx":5},{"icon":{"paths":["M512.005 24.001c-276.109 0-500.005 223.855-500.005 500.004 0 220.915 143.266 408.338 341.933 474.453 24.989 4.629 34.163-10.846 34.163-24.053 0-11.923-0.464-51.31-0.678-93.091-139.102 30.246-168.454-58.994-168.454-58.994-22.744-57.794-55.517-73.16-55.517-73.16-45.365-31.034 3.421-30.397 3.421-30.397 50.208 3.528 76.646 51.526 76.646 51.526 44.595 76.44 116.97 54.341 145.501 41.565 4.488-32.317 17.446-54.374 31.746-66.859-111.058-12.645-227.803-55.517-227.803-247.104 0-54.59 19.531-99.194 51.517-134.21-5.192-12.594-22.306-63.448 4.843-132.32 0 0 41.987-13.438 137.538 51.253 39.883-11.078 82.658-16.635 125.15-16.826 42.491 0.19 85.299 5.747 125.258 16.826 95.434-64.691 137.362-51.253 137.362-51.253 27.216 68.872 10.094 119.726 4.902 132.32 32.059 35.016 51.459 79.619 51.459 134.21 0 192.042-116.97 234.328-228.309 246.706 17.934 15.517 33.914 45.946 33.914 92.594 0 66.902-0.579 120.746-0.579 137.214 0 13.306 9 28.896 34.346 23.987 198.558-66.19 341.643-253.547 341.643-474.387 0-276.149-223.862-500.004-499.995-500.004zM199.267 736.267c-1.101 2.485-5.008 3.229-8.57 1.523-3.626-1.63-5.662-5.018-4.486-7.509 1.075-2.558 4.992-3.27 8.61-1.557 3.635 1.63 5.706 5.051 4.446 7.542zM223.862 758.213c-2.384 2.211-7.046 1.184-10.21-2.31-3.27-3.485-3.883-8.147-1.466-10.39 2.459-2.211 6.981-1.176 10.259 2.31 3.27 3.526 3.909 8.155 1.416 10.39zM240.736 786.291c-3.064 2.128-8.074 0.133-11.17-4.314-3.064-4.446-3.064-9.779 0.066-11.915 3.106-2.136 8.040-0.214 11.178 4.198 3.056 4.52 3.056 9.853-0.074 12.030zM269.27 818.81c-2.741 3.022-8.578 2.211-12.85-1.912-4.371-4.032-5.589-9.754-2.84-12.776 2.773-3.030 8.643-2.178 12.949 1.914 4.339 4.024 5.664 9.786 2.741 12.774zM306.15 829.789c-1.21 3.915-6.83 5.696-12.494 4.032-5.654-1.714-9.357-6.301-8.213-10.259 1.174-3.941 6.822-5.795 12.526-4.016 5.648 1.706 9.357 6.261 8.181 10.243zM348.122 834.445c0.141 4.123-4.662 7.542-10.608 7.618-5.978 0.133-10.813-3.205-10.878-7.261 0-4.165 4.694-7.552 10.672-7.651 5.946-0.117 10.814 3.195 10.814 7.294zM389.352 832.864c0.712 4.024-3.419 8.157-9.323 9.258-5.803 1.059-11.178-1.424-11.915-5.416-0.72-4.123 3.486-8.254 9.282-9.323 5.912-1.026 11.203 1.392 11.957 5.482z"],"attrs":[],"isMulticolor":false,"isMulticolor2":false,"grid":0,"tags":["Github"],"colorPermutations":{}},"attrs":[],"properties":{"order":248,"id":12,"name":"Github","prevSize":32,"code":59654},"setIdx":0,"setId":2,"iconIdx":6},{"icon":{"paths":["M0 0.001l82.173 921.633 368.755 102.368 369.76-102.518 82.261-921.482h-902.949zM750.646 863.498l-298.414 82.094v-117.306l-0.898 0.213-231.938-64.221-15.837-177.362h113.477l8.237 90.029 126.085 33.861 0.874-0.131v-182.45h-254.24l-9.899-112.869 264.139-113.051 0.002-7.808h-274.192l-10.016-112.869h284.208l-0.002-104.875h368.331l-69.917 786.744z","M470.453 294.498l-18.221 7.808v225.92h138.043l-12.546 147.566-125.498 34.979v117.603l231.17-64.221 30.44-348.797h-261.608l271.87-120.859 9.709-112.869h-281.581v112.869h18.221z"],"attrs":[],"width":912,"isMulticolor":false,"isMulticolor2":false,"grid":0,"tags":["Group 1"],"colorPermutations":{}},"attrs":[],"properties":{"order":249,"id":11,"name":"CSS","prevSize":32,"code":59655},"setIdx":0,"setId":2,"iconIdx":7},{"icon":{"paths":["M510.906 1007.397l-353.782-98.213-79.634-893.183h867.929l-79.717 893.034-354.797 98.362z","M742.792 764.214l1.701-19.096 26.562-297.586 2.758-30.352h-411.933l-10.33-115.75h432.184l2.632-25.406 5.15-57.304 2.702-30.325h-566.202l2.706 30.325 27.782 311.494h391.749l-13.12 146.598-125.699 33.926-126.363-33.854-8.048-90.152h-113.469l15.837 177.482 231.544 64.278 231.856-64.278z"],"attrs":[{"fill":"none","strokeLinejoin":"miter","strokeLinecap":"butt","strokeMiterlimit":"4","strokeWidth":32},{"opacity":0.5}],"isMulticolor":false,"isMulticolor2":true,"grid":0,"tags":["HTML5"],"colorPermutations":{}},"attrs":[{"fill":"none","strokeLinejoin":"miter","strokeLinecap":"butt","strokeMiterlimit":"4","strokeWidth":32},{"opacity":0.5}],"properties":{"order":250,"id":10,"name":"HTML5","prevSize":32,"code":59656},"setIdx":0,"setId":2,"iconIdx":8},{"icon":{"paths":["M12 140.001c0-70.692 57.308-128 128-128h744c70.693 0 128 57.308 128 128v744.001c0 70.691-57.307 128-128 128h-744c-70.692 0-128-57.309-128-128v-744.001zM274.936 847.672c0 0.002 0.002 0.002 0.002 0.002v0c22.152 46.982 65.79 85.914 140.962 85.914 83.24 0 140.294-44.304 140.294-141.637v-273.866c0-25.95-21.037-46.987-46.987-46.987s-46.987 21.037-46.987 46.987v272.536c0 46.986-19.469 59.064-50.347 59.064-44.909 0-92.195-29.086-130.616-5.835l-6.318 3.822c0 0-0.002 0-0.002 0zM712.088 827.907c-19.006-16.21-45.581-24.619-67.198-12.102-21.128 12.234-29.502 39.435-13.354 57.746 31.518 35.734 80.178 60.045 146.872 60.045 89.277 0 155.73-46.314 155.73-130.898 0-78.534-44.976-113.437-124.856-147.674l-23.493-10.067c-40.272-17.454-57.725-28.869-57.725-57.062 0-22.819 17.453-40.272 44.976-40.272 11.462 0 21.211 2.080 29.875 6.71 21.99 11.75 48.259 22.178 69.24 8.706 19.328-12.411 26.211-38.485 10.483-55.226-28.141-29.952-63.978-42.088-109.6-42.088-83.912 0-137.611 53.702-137.611 124.186 0 76.525 44.976 112.773 112.778 141.632l23.488 10.077c42.962 18.789 68.467 30.202 68.467 62.421 0 26.851-24.83 46.32-63.768 46.32-27.584 0-48.026-8.571-64.304-22.453z"],"attrs":[],"isMulticolor":false,"isMulticolor2":false,"grid":0,"tags":["Javascript"],"colorPermutations":{}},"attrs":[],"properties":{"order":251,"id":9,"name":"Javascript","prevSize":32,"code":59657},"setIdx":0,"setId":2,"iconIdx":9},{"icon":{"paths":["M511.997 0c282.787 0 512.003 229.248 512.003 512.003 0 282.752-229.216 511.997-512.003 511.997-282.784 0-511.997-229.248-511.997-511.997 0-282.752 229.216-512.003 511.997-512.003z","M288.511 703.488h95.873v-319.555h-95.873v319.555zM662.016 372.864c-46.528 0-88.16 16.992-117.693 54.499v-44.48h-96.224v320.608h96.224v-173.376c0-36.643 33.568-72.387 75.616-72.387 42.045 0 52.416 35.744 52.416 71.488v174.243h95.872v-181.376c-0.003-125.987-59.651-149.219-106.211-149.219zM336 352c26.496 0 48-21.507 48-48.002 0-26.497-21.504-47.998-48-47.998s-48.002 21.505-48.002 48.002c0 26.498 21.505 47.998 48.002 47.998z"],"attrs":[],"isMulticolor":false,"isMulticolor2":true,"grid":0,"tags":["linkedin"],"colorPermutations":{}},"attrs":[],"properties":{"order":252,"id":8,"name":"linkedin","prevSize":32,"code":59658,"codes":[59658]},"setIdx":0,"setId":2,"iconIdx":10},{"icon":{"paths":["M1152 524.8c0 176.731-143.269 320-320 320s-320-143.269-320-320c0-176.731 143.269-320 320-320s320 143.269 320 320z","M886.4 597.601c6.638-29.128 9.859-58.926 9.6-88.799-1.6-211.602-176.799-382.801-387.999-380.801-90.227 0.951-177.236 33.645-245.765 92.346-68.526 58.7-114.194 139.657-128.989 228.669-14.795 89.009 2.227 180.388 48.079 258.099 45.853 77.714 117.607 136.799 202.673 166.886 14.472 5.212 29.985 6.858 45.228 4.795 15.242-2.066 29.76-7.775 42.324-16.648s22.802-20.646 29.842-34.322c7.043-13.673 10.68-28.846 10.606-44.227v-15.598c-0.051-12.623 2.396-25.129 7.201-36.8s11.873-22.277 20.8-31.201c8.924-8.924 19.528-15.995 31.199-20.8s24.179-7.252 36.8-7.199h184.801c21.716 0.013 42.796-7.337 59.796-20.849 17.001-13.514 28.918-32.392 33.802-53.553v0z","M512 336c17.674 0 32-14.326 32-32s-14.326-32-32-32c-17.674 0-32 14.326-32 32s14.326 32 32 32z","M332.001 440c17.672 0 32-14.326 32-32s-14.328-32-32-32c-17.674 0-32 14.326-32 32s14.326 32 32 32z","M332.001 648c17.672 0 32-14.326 32-32s-14.328-32-32-32c-17.674 0-32 14.326-32 32s14.326 32 32 32z","M691.999 440c17.674 0 32-14.326 32-32s-14.326-32-32-32c-17.672 0-32 14.326-32 32s14.328 32 32 32z"],"attrs":[{"opacity":0.2},{"fill":"none","strokeLinejoin":"round","strokeLinecap":"round","strokeMiterlimit":"4","strokeWidth":25.6},{},{},{},{}],"width":1152,"isMulticolor":true,"isMulticolor2":true,"grid":0,"tags":["Pallete"],"colorPermutations":{}},"attrs":[{"opacity":0.2},{"fill":"none","strokeLinejoin":"round","strokeLinecap":"round","strokeMiterlimit":"4","strokeWidth":25.6},{},{},{},{}],"properties":{"order":253,"id":7,"name":"Pallete","prevSize":32,"code":59659,"codes":[59659,59660,59661,59662,59663,59664]},"setIdx":0,"setId":2,"iconIdx":11},{"icon":{"paths":["M841.201 143.571l-745.601 210.001c-6.347 1.733-12.005 5.384-16.202 10.45s-6.732 11.305-7.256 17.864c-0.525 6.559 0.985 13.12 4.324 18.79s8.344 10.173 14.335 12.895l342.401 161.999c6.707 3.108 12.093 8.494 15.199 15.201l161.999 342.4c2.724 5.99 7.227 10.995 12.895 14.333 5.67 3.341 12.232 4.849 18.79 4.324s12.797-3.057 17.864-7.255c5.066-4.198 8.717-9.856 10.452-16.202l209.999-745.601c1.592-5.441 1.69-11.21 0.284-16.702-1.403-5.492-4.26-10.505-8.269-14.514s-9.021-6.865-14.513-8.27c-5.491-1.405-11.261-1.306-16.701 0.285v0z","M443.599 580.37l180.8-180.8"],"attrs":[{"fill":"none","strokeLinejoin":"round","strokeLinecap":"round","strokeMiterlimit":"4","strokeWidth":25.6},{"fill":"none","strokeLinejoin":"round","strokeLinecap":"round","strokeMiterlimit":"4","strokeWidth":25.6}],"isMulticolor":false,"isMulticolor2":false,"grid":0,"tags":["PaperPlaneTilt"],"colorPermutations":{}},"attrs":[{"fill":"none","strokeLinejoin":"round","strokeLinecap":"round","strokeMiterlimit":"4","strokeWidth":25.6},{"fill":"none","strokeLinejoin":"round","strokeLinecap":"round","strokeMiterlimit":"4","strokeWidth":25.6}],"properties":{"order":254,"id":6,"name":"PaperPlaneTilt","prevSize":32,"code":59665},"setIdx":0,"setId":2,"iconIdx":12},{"icon":{"paths":["M418.909 558.608h-263.758c-8.23 0-16.122-3.271-21.942-9.089-5.819-5.821-9.088-13.712-9.088-21.942v-248.244c0-8.23 3.269-16.122 9.088-21.942s13.712-9.089 21.942-9.089h232.727c8.229 0 16.123 3.269 21.942 9.089s9.089 13.712 9.089 21.942v341.335c0 41.146-16.347 80.611-45.444 109.708-29.094 29.097-68.559 45.444-109.708 45.444","M868.848 558.608h-263.758c-8.229 0-16.123-3.271-21.942-9.089-5.818-5.821-9.089-13.712-9.089-21.942v-248.244c0-8.23 3.271-16.122 9.089-21.942s13.712-9.089 21.942-9.089h232.727c8.229 0 16.123 3.269 21.942 9.089s9.089 13.712 9.089 21.942v341.335c0 41.146-16.347 80.611-45.444 109.708-29.094 29.097-68.558 45.444-109.708 45.444"],"attrs":[{"fill":"none","strokeLinejoin":"round","strokeLinecap":"round","strokeMiterlimit":"4","strokeWidth":31.03030303030303},{"fill":"none","strokeLinejoin":"round","strokeLinecap":"round","strokeMiterlimit":"4","strokeWidth":31.03030303030303}],"width":993,"isMulticolor":false,"isMulticolor2":false,"grid":0,"tags":["Quotes"],"colorPermutations":{}},"attrs":[{"fill":"none","strokeLinejoin":"round","strokeLinecap":"round","strokeMiterlimit":"4","strokeWidth":31.03030303030303},{"fill":"none","strokeLinejoin":"round","strokeLinecap":"round","strokeMiterlimit":"4","strokeWidth":31.03030303030303}],"properties":{"order":255,"id":5,"name":"Quotes","prevSize":32,"code":59666},"setIdx":0,"setId":2,"iconIdx":13},{"icon":{"paths":["M841.933 351.296c-10.622-3.658-21.629-7.117-32.963-10.389 1.862-7.602 3.573-15.106 5.093-22.482 24.954-121.125 8.638-218.704-47.074-250.831-53.419-30.805-140.784 1.314-229.018 78.101-8.485 7.384-16.992 15.201-25.498 23.395-5.667-5.421-11.325-10.66-16.968-15.671-92.47-82.106-185.158-116.706-240.816-84.486-53.368 30.895-69.173 122.629-46.712 237.419 2.17 11.086 4.706 22.41 7.571 33.922-13.117 3.725-25.781 7.694-37.899 11.917-108.412 37.798-177.65 97.035-177.65 158.482 0 63.461 74.326 127.114 187.246 165.709 8.912 3.046 18.158 5.926 27.686 8.659-3.093 12.451-5.782 24.653-8.042 36.554-21.416 112.798-4.691 202.363 48.536 233.064 54.978 31.704 147.246-0.885 237.093-79.421 7.102-6.208 14.229-12.792 21.368-19.693 9.254 8.91 18.493 17.344 27.683 25.254 87.027 74.89 172.981 105.131 226.158 74.346 54.923-31.795 72.773-128.011 49.598-245.072-1.77-8.941-3.829-18.074-6.142-27.37 6.48-1.917 12.842-3.894 19.045-5.95 117.39-38.894 193.77-101.771 193.77-166.080 0-61.669-71.47-121.306-182.067-159.378zM816.472 635.232c-5.598 1.853-11.344 3.645-17.198 5.382-12.96-41.027-30.451-84.654-51.854-129.728 20.426-44 37.24-87.069 49.837-127.83 10.475 3.032 20.642 6.229 30.438 9.602 94.758 32.621 152.56 80.853 152.56 118.016 0 39.586-62.424 90.973-163.782 124.558zM774.414 718.57c10.248 51.763 11.712 98.562 4.923 135.147-6.098 32.875-18.363 54.792-33.528 63.571-32.27 18.678-101.283-5.602-175.709-69.648-8.533-7.341-17.126-15.181-25.747-23.478 28.853-31.557 57.69-68.242 85.834-108.984 49.504-4.394 96.272-11.574 138.685-21.379 2.090 8.426 3.944 16.691 5.542 24.771zM349.104 914.059c-31.528 11.136-56.64 11.454-71.819 2.702-32.301-18.63-45.728-90.544-27.411-187.008 2.098-11.048 4.595-22.397 7.472-33.995 41.949 9.275 88.374 15.95 137.995 19.973 28.334 39.867 58.005 76.514 87.904 108.6-6.533 6.307-13.040 12.31-19.51 17.968-39.73 34.728-79.542 59.368-114.63 71.76zM201.395 634.989c-49.932-17.066-91.167-39.246-119.432-63.45-25.398-21.75-38.22-43.344-38.22-60.866 0-37.288 55.591-84.848 148.306-117.173 11.25-3.923 23.026-7.619 35.248-11.091 12.813 41.682 29.622 85.261 49.907 129.328-20.547 44.722-37.595 88.995-50.534 131.165-8.714-2.504-17.154-5.139-25.275-7.914zM250.909 297.952c-19.245-98.349-6.464-172.541 25.698-191.158 34.258-19.833 110.011 8.445 189.853 79.339 5.104 4.531 10.227 9.274 15.366 14.181-29.752 31.947-59.15 68.317-87.234 107.95-48.16 4.462-94.259 11.634-136.645 21.235-2.664-10.718-5.026-21.251-7.038-31.547zM692.616 407.021c-10.133-17.501-20.534-34.589-31.139-51.211 32.672 4.131 63.974 9.614 93.371 16.323-8.826 28.285-19.826 57.858-32.774 88.174-9.288-17.634-19.112-35.414-29.458-53.286zM512.488 231.576c20.178 21.861 40.384 46.266 60.259 72.747-20.027-0.947-40.304-1.438-60.747-1.438-20.25 0-40.376 0.482-60.28 1.411 19.894-26.235 40.275-50.608 60.768-72.72zM331.208 407.323c-10.122 17.552-19.765 35.235-28.907 52.952-12.738-30.211-23.637-59.92-32.539-88.605 29.218-6.539 60.373-11.885 92.837-15.936-10.754 16.774-21.242 33.987-31.39 51.586v0.003zM363.533 668.733c-33.541-3.742-65.165-8.813-94.374-15.171 9.045-29.197 20.184-59.539 33.192-90.402 9.166 17.704 18.846 35.395 29.030 52.984h0.002c10.373 17.918 21.12 35.472 32.15 52.589zM513.699 792.853c-20.734-22.37-41.414-47.115-61.611-73.731 19.606 0.77 39.597 1.163 59.912 1.163 20.872 0 41.506-0.47 61.813-1.374-19.939 27.096-40.074 51.878-60.114 73.942zM722.491 561.587c13.686 31.195 25.226 61.379 34.386 90.080-29.69 6.773-61.746 12.227-95.52 16.282 10.629-16.845 21.123-34.227 31.434-52.106 10.432-18.088 20.336-36.205 29.701-54.256zM654.898 593.989c-16.006 27.754-32.44 54.25-49.123 79.259-30.386 2.173-61.779 3.291-93.774 3.291-31.866 0-62.864-0.99-92.712-2.928-17.355-25.336-34.147-51.91-50.051-79.384h0.003c-15.862-27.398-30.462-55.029-43.691-82.504 13.226-27.539 27.787-55.202 43.558-82.55l-0.003 0.005c15.813-27.422 32.456-53.866 49.651-79.045 30.454-2.302 61.683-3.504 93.243-3.504h0.002c31.702 0 62.971 1.211 93.416 3.533 16.933 24.995 33.462 51.354 49.338 78.779 16.058 27.734 30.806 55.211 44.146 82.16-13.299 27.413-28.016 55.166-44.002 82.888zM745.139 105.493c34.29 19.775 47.626 99.525 26.080 204.103-1.374 6.674-2.922 13.47-4.602 20.358-42.483-9.803-88.616-17.098-136.917-21.629-28.136-40.069-57.294-76.494-86.562-108.032 7.869-7.57 15.726-14.787 23.55-21.598 75.6-65.791 146.256-91.766 178.45-73.202zM512 419.234c50.499 0 91.44 40.938 91.44 91.44 0 50.499-40.941 91.438-91.44 91.438s-91.44-40.939-91.44-91.438c0-50.502 40.941-91.44 91.44-91.44z"],"attrs":[],"isMulticolor":false,"isMulticolor2":false,"grid":0,"tags":["React"],"colorPermutations":{}},"attrs":[],"properties":{"order":256,"id":4,"name":"React","prevSize":32,"code":59667},"setIdx":0,"setId":2,"iconIdx":14},{"icon":{"paths":["M275.346 626.6c-16.275 10.179-40.797 26.667-59.766 44.602-31.142 29.41-37.659 70.206-21.23 79.738 15.197 8.808 50.677-1.674 76.069-29.37 26.65-29.078 37.638-65.939 26.288-107.786-1.333 0.794-2.642 1.592-3.926 2.334l0.027 0.056-1.722 0.976c-6.626 3.955-12.040 7.218-15.739 9.45zM732.694 613.398c-9.219 20.034-9.682 26.482-6.882 28.486 13.378-4.805 35.509-16.387 35.683-47.421 0.029-4.648-0.997-9.635-2.642-14.848-14.302 12.664-22.544 25.922-26.16 33.782zM876.23 552.824c-35.736-4.165-63.621 0.846-85.261 9.862 4.008 10.43 7.088 21.294 7.522 32.238 1.005 24.021-15.53 41.798-32.76 54.49-10.062 7.398-20.77 12.33-29.757 15.309-7.186 3.030-16.738 6.163-23.517 4.781-14.946-3.038-22.901-16.314-12.733-45.598 5.491-15.848 21.333-39.973 46.904-60.754-5.829-11.997-12.325-24.222-15.635-35.454-6.525-22.141-8.494-35.525-8.494-35.525s-21.077 43.698-48.269 83.437c-1.568 2.309-3.133 4.574-4.701 6.832 5.341 12.411 9.549 25.536 10.118 38.77 1.002 24.016-9.397 42.178-26.653 54.842-9.341 6.888-19.306 11.643-27.856 14.672-5.467 2.387-16.586 6.314-32.4 7.371-8.648 0.59-16.968 0.056-21.611-3.466-6.395-4.83-7.165-10.79-3.854-18.934 2.8-6.914 23.747-30.826 41.31-51.762 4.851-5.782 9.472-11.691 13.605-17.162l-0.101-0.234c0 0.003 3.181-4.106 8.344-11.274-6.419-13.822-14.557-28.211-18.382-41.259-6.525-22.141-8.498-35.528-8.498-35.528s-21.365 54.771-43.621 98.494c-17.224 33.862-28.728 54.382-33.912 63.374l-0.053 0.36c0 0-0.773 1.312-2.107 3.366l-0.997 1.667-0.029-0.155c-5.778 8.534-18.742 25.253-31.629 25.253-35.378 0-22.39-71.851-22.39-71.851s-10.342 26.614-22 49.451c-9.496 18.624-18.147 34.402-37.069 34.402-5.443 0-14.070-0.157-21.235-6.968-16.25-15.438-28.675-54.642-26.238-85.005 2.078-25.816 6.058-43.698 11.501-58.618-9.706 5.288-20.923 11.56-32.347 18.266l-17.563 10.35 0.566 1.029c14.53 28.106 18.406 89.68-13.275 136.947-31.678 47.293-90.65 76.066-148.106 60.088-18.54-5.165-46.547-43.518-22.39-96.978 21.308-47.141 106.467-91.71 128.908-102.834l6.16-3.392c-44.744-39.15-156.478-91.965-172.137-173.093-4.417-22.837 6.29-77.451 73.346-140.234 56.402-52.79 134.862-93.227 207.341-118.994 121.765-43.284 250.418-17.752 270.21 59.882 19.461 76.349-46.773 167.675-131.6 200.506-75.736 29.309-138.355 24.661-164.080 16.211-29.243-9.608-46.392-28.902-50.574-39.795-1.645-4.262-4.474-11.427 0-13.894 2.744-1.515 3.846-1.155 11.189 6.962 6.986 7.707 35.070 28.389 88.421 22.4 140-15.694 224.333-124.541 197.683-183.114-18.661-40.998-126.566-59.496-261.379 7.731-164.568 82.051-173.499 149.691-174.91 175.382-3.853 70.669 87.158 107.842 136.403 160.398l1.896 2.082c9.216-5.085 18.949-10.454 28.498-15.694 24.829-13.642 48.245-26.438 59.154-32.398 17.333-25.194 52.501-52.994 77.893-52.994 40.589 0 26.65 58.341 26.65 58.341s0.822-2.67 1.925-2.694c1.155-0.032 5.624-7.686 18.154-3.115 12.888 4.728 9.958 13.773 10.038 14.696 0.154 1.795-15.226 53.662-21.616 86.93-3.059 15.877-1.288 27.44-0.386 27.44 1.258 0 3.826-4.035 6.213-8.374l-0.053-0.13c0 0 1.797-3.286 4.803-9.195l0.59-1.235 0.026 0.056c3.546-6.938 8.522-17.136 14.272-29.774 11.27-24.84 54.272-120.739 57.918-131.349 3.643-10.608 5.544-21.578 7.342-26.282 1.771-4.701 16.973-8.246 34.734-8.117 17.766 0.13 19.57 7.707 19.691 9.275 0.13 1.565-8.445 22.606-10.422 37.478-1.95 14.875-0.074 22.296 1.542 34.784 1.054 8.165 6.16 18.522 12.198 30.261 18.382-30.059 50.725-87.55 53.834-103.656 2.128-11.019 5.544-21.578 7.342-26.282 1.795-4.701 16.971-8.243 34.734-8.117 17.766 0.13 19.562 7.707 19.691 9.275s-8.474 22.606-10.422 37.482c-1.954 14.846-0.074 22.298 1.539 34.782 1.389 10.685 9.653 25.046 17.846 41.381 22.358-11.022 48.675-18.418 79.485-18.571 12.758-0.074 27.573 1.208 35.224 3.595v-245.768c0-17.339-8.886-33.317-23.901-41.971l-400.915-231.722c-14.99-8.659-33.349-8.659-48.342 0l-399.809 231.61c-14.994 8.659-23.006 24.664-23.006 41.974v463.643c0 17.31 8.061 33.317 23.030 41.971l400.453 231.792c14.99 8.686 33.17 8.686 48.16 0l400.635-231.792c14.99-8.683 23.723-24.664 23.723-41.971v-187.376c-5.086-1.499-12.53-2.678-19.771-3.522zM444.917 528.544c-8.598 9.632-23.258 34.472-30.114 55.262-13.632 41.278-7.728 83.23 1.925 85.75 11.27 2.95 29.757-52.227 38.608-73.808 5.549-13.514 27.115-73.493 22.39-81.509-3.69-6.269-18.97-1.208-32.81 14.304zM600.888 667.677c0 0-2.72 2.573-1.544 3.29 1.594 0.952 5.034-0.283 8.782-2.237 10.605-6.674 34.402-23.323 34.453-47.96 0-0.717-0.027-1.41-0.077-2.155-5.518 7.245-10.605 13.691-14.994 19.162-7.498 9.325-26.621 29.901-26.621 29.901z"],"attrs":[],"width":896,"isMulticolor":false,"isMulticolor2":false,"grid":0,"tags":["SCSS"],"colorPermutations":{}},"attrs":[],"properties":{"order":257,"id":3,"name":"SCSS","prevSize":32,"code":59668},"setIdx":0,"setId":2,"iconIdx":15},{"icon":{"paths":["M1004.706 466.384l-447.102-447.069c-25.73-25.752-67.493-25.752-93.256 0l-92.842 92.841 117.773 117.772c27.371-9.246 58.752-3.045 80.571 18.776 21.922 21.954 28.078 53.605 18.606 81.066l113.504 113.502c27.459-9.461 59.144-3.338 81.077 18.629 30.651 30.64 30.651 80.302 0 110.963-30.662 30.662-80.325 30.662-110.998 0-23.056-23.077-28.752-56.942-17.078-85.346l-105.851-105.851-0.011 278.555c7.472 3.707 14.528 8.64 20.752 14.843 30.651 30.638 30.651 80.301 0 110.986-30.662 30.651-80.346 30.651-110.963 0-30.651-30.685-30.651-80.347 0-110.986 7.573-7.563 16.336-13.282 25.685-17.125v-281.15c-9.349-3.821-18.101-9.506-25.685-17.123-23.224-23.19-28.808-57.269-16.91-85.784l-116.086-116.11-306.567 306.544c-25.763 25.774-25.763 67.538 0 93.29l447.103 447.080c25.741 25.752 67.493 25.752 93.267 0l445.013-445.002c25.752-25.763 25.752-67.549 0-93.301z"],"attrs":[],"width":1040,"isMulticolor":false,"isMulticolor2":false,"grid":0,"tags":["Shape"],"colorPermutations":{}},"attrs":[],"properties":{"order":258,"id":2,"name":"Shape","prevSize":32,"code":59669},"setIdx":0,"setId":2,"iconIdx":16},{"icon":{"paths":["M944 0.001h-864c-44.183 0-80 35.817-80 80v864.001c0 44.182 35.817 80 80 80h864c44.182 0 80-35.818 80-80v-864.001c0-44.183-35.818-80-80-80zM602.072 912.381v-110.48c20.040 16.805 41.808 29.405 65.309 37.805 23.494 8.403 47.219 12.603 71.176 12.603 14.051 0 26.32-1.267 36.8-3.8 10.478-2.531 19.235-6.040 26.259-10.528s12.267-9.784 15.72-15.88c3.456-6.099 5.184-12.72 5.184-19.851 0-9.669-2.763-18.301-8.291-25.896-5.528-7.597-13.072-14.616-22.632-21.061-9.56-6.443-20.904-12.656-34.037-18.64-13.128-5.987-27.296-12.083-42.501-18.299-38.699-16.112-67.547-35.792-86.552-59.037-19.006-23.248-28.507-51.328-28.507-84.24 0-25.779 5.184-47.931 15.547-66.459 10.368-18.528 24.477-33.776 42.328-45.749 17.853-11.968 38.53-20.771 62.026-26.408 23.494-5.64 48.371-8.459 74.63-8.459 25.8 0 48.664 1.552 68.589 4.659 19.925 3.109 38.296 7.885 55.112 14.328v103.229c-8.291-5.752-17.336-10.816-27.125-15.189-9.792-4.376-19.867-8-30.232-10.875-10.368-2.88-20.675-5.008-30.928-6.389-10.246-1.379-19.979-2.072-29.195-2.072-12.669 0-24.187 1.208-34.552 3.624-10.368 2.421-19.12 5.813-26.259 10.189-7.141 4.371-12.672 9.608-16.589 15.707-3.917 6.101-5.872 12.944-5.872 20.541 0 8.288 2.189 15.707 6.565 22.267 4.374 6.56 10.595 12.776 18.659 18.645 8.059 5.872 17.853 11.624 29.368 17.264 11.52 5.64 24.533 11.448 39.045 17.435 19.811 8.285 37.606 17.088 53.387 26.408 15.776 9.325 29.312 19.853 40.595 31.592 11.29 11.736 19.93 25.144 25.917 40.221 5.987 15.075 8.984 32.627 8.984 52.651 0 27.621-5.24 50.808-15.72 69.565-10.483 18.76-24.707 33.952-42.675 45.576-17.965 11.619-38.872 19.963-62.712 25.027s-49.010 7.597-75.498 7.597c-27.184 0-53.040-2.301-77.571-6.904-24.533-4.605-45.784-11.509-63.752-20.717zM560 526.97h-142.072v405.032h-112.549v-405.032h-141.379v-90.968h396v90.968z"],"attrs":[],"isMulticolor":false,"isMulticolor2":false,"grid":0,"tags":["TypeScript"],"colorPermutations":{}},"attrs":[],"properties":{"order":259,"id":1,"name":"TypeScript","prevSize":32,"code":59670},"setIdx":0,"setId":2,"iconIdx":17},{"icon":{"paths":["M181.6 708.002c-47.645-80.384-64.31-175.394-46.868-267.191 17.442-91.802 67.793-174.079 141.599-231.386s165.994-85.705 259.25-79.86c93.261 5.844 181.18 45.529 247.253 111.603s105.758 153.993 111.603 247.251c5.845 93.261-22.554 185.446-79.859 259.255-57.306 73.805-139.584 124.156-231.386 141.598-91.797 17.442-186.81 0.777-267.193-46.869v0l-132.8 37.602c-5.441 1.591-11.21 1.69-16.702 0.282-5.492-1.404-10.505-4.258-14.513-8.269-4.009-4.006-6.865-9.020-8.27-14.511-1.405-5.495-1.306-11.264 0.285-16.704l37.6-132.8z","M608.401 736c-42.103 0.107-83.814-8.111-122.735-24.175s-74.284-39.659-104.058-69.431c-29.773-29.773-53.369-65.135-69.434-104.055s-24.279-80.631-24.174-122.737c0.106-29.635 11.953-58.020 32.945-78.938s49.42-32.663 79.055-32.663v0c4.89-0.039 9.699 1.241 13.923 3.704s7.705 6.020 10.077 10.296l46.8 81.6c2.782 4.96 4.211 10.566 4.143 16.253-0.073 5.687-1.638 11.256-4.544 16.145l-37.598 62.801c19.26 42.842 53.555 77.141 96.397 96.401l62.801-37.602c4.89-2.906 10.462-4.471 16.149-4.54 5.687-0.073 11.29 1.357 16.252 4.139l81.6 46.801c4.275 2.372 7.834 5.854 10.295 10.078s3.742 9.033 3.703 13.922c-0.102 29.602-11.883 57.971-32.777 78.942-20.894 20.966-49.22 32.849-78.822 33.058v0z"],"attrs":[{"fill":"none","strokeLinejoin":"round","strokeLinecap":"round","strokeMiterlimit":"4","strokeWidth":42.666666666666664},{"fill":"none","strokeLinejoin":"round","strokeLinecap":"round","strokeMiterlimit":"4","strokeWidth":42.666666666666664}],"isMulticolor":false,"isMulticolor2":false,"grid":0,"tags":["WhatsappLogo"],"colorPermutations":{}},"attrs":[{"fill":"none","strokeLinejoin":"round","strokeLinecap":"round","strokeMiterlimit":"4","strokeWidth":42.666666666666664},{"fill":"none","strokeLinejoin":"round","strokeLinecap":"round","strokeMiterlimit":"4","strokeWidth":42.666666666666664}],"properties":{"order":260,"id":0,"name":"Whatsapp","prevSize":32,"code":59671},"setIdx":0,"setId":2,"iconIdx":18}],"height":1024,"metadata":{"name":"icons"},"preferences":{"showGlyphs":true,"showQuickUse":true,"showQuickUse2":true,"showSVGs":true,"fontPref":{"prefix":"icon-","metadata":{"fontFamily":"icons","majorVersion":1,"minorVersion":0},"metrics":{"emSize":1024,"baseline":6.25,"whitespace":50},"embed":false,"showSelector":false},"imagePref":{"prefix":"icon-","png":true,"useClassSelector":true,"color":0,"bgColor":16777215,"classSelector":".icon"},"historySize":50,"showCodes":true,"gridSize":16}}